code,date,title,type
300700,2018年06月28日 14:43,锂电池退役潮临近 回收利用春天将来(附股),行业新闻
300700,2018年06月24日 13:40,新材料行业2018年下半年投资策略：优选高景气和发展前景子行业,行业新闻
300700,2018年06月21日 18:05,燃料电池行业：蓄势待发 前景可期,行业新闻
300700,2018年06月07日 16:52,十张图带你了解4大石墨烯上市公司年报看点 赚得越多亏得越多？,行业新闻
300700,2018年06月01日 10:06,锂电池板块：全球电池龙头供需缺口巨大 关注3只个股,行业新闻
300700,2018年05月25日 11:14,铝塑膜行业：软包动力电池趋势向上 铝塑膜国产化进程加速（附股）,行业新闻
300700,2018年05月25日 03:22,广信材料打造高端电子化学品产业平台,行业新闻
300700,2018年05月24日 13:14,安信策略：建议关注能源革命背后投资机会(附股),行业新闻
300700,2018年05月20日 14:33,光伏行业：龙头崛起 平价与技术推动行业发展(附股),行业新闻
300700,2018年05月09日 10:14,宏昌电子：未来在合适时机介入芯片材料领域,行业新闻
603773,2018年06月28日 14:47,半导体下游维持高景气度 硅片涨价趋势延续至2021年,行业新闻
603773,2018年06月24日 17:00,半导体行业：推荐3只个股,行业新闻
603773,2018年06月24日 11:27,计算机行业策略：“需求+政策+创新”驱动 看好下半年反转行情,行业新闻
603773,2018年06月22日 14:22,电子行业：成长深一度 细看国产靶材弹性,行业新闻
603773,2018年06月20日 13:58,电子行业周报：功率半导体价格持续上涨 存在国产替代机遇,行业新闻
603773,2018年06月15日 14:45,半导体行业周报：联电上调8寸晶圆代工价 大华发力视频芯片,行业新闻
603773,2018年06月14日 13:49,全球半导体景气度继续高涨 板块回调迎配置良机,行业新闻
603773,2018年06月12日 19:44,荣耀手机的身份确立,行业新闻
603773,2018年06月12日 13:28,电子行业：关注创新增量、自主研发、需求旺盛、价格上涨带来的投资机会,行业新闻
603773,2018年06月06日 15:05,2018年全球半导体销售额快速增长 美洲市场份额不断提高,行业新闻
603897,2018年05月17日 05:39,做空得不偿失 黄金或正酝酿中期低点,行业新闻
603897,2018年05月16日 11:08,特斯拉落户上海 外资扩产利好锂电设备龙头,行业新闻
603897,2018年05月12日 17:27,国信证券：非金属建材业绩增长良好 可乐观看多,行业新闻
603897,2018年05月11日 14:52,市场震荡“本色”不改 有色金属逆市起舞,行业新闻
603897,2018年05月11日 09:50,黑色金属：资金多进空退 螺纹多单介入,行业新闻
603897,2018年05月10日 17:28,央行整顿贵金属市场：互联网不能随意买卖黄金了,行业新闻
603897,2018年05月10日 16:46,有色金属等板块望成市场新热点,行业新闻
603897,2018年05月09日 09:56,黑色金属：修补3600缺口 螺纹观望为主,行业新闻
603897,2018年05月08日 12:46,最牛金属撑不住了！明星公司股价两月跌3成 一个信号已出现,行业新闻
603897,2018年05月07日 10:42,非金属建材行业：行业在后供给侧改革的演变,行业新闻
603301,2018年06月12日 13:56,医药行业：四价流感疫苗 百亿市场潜力,行业新闻
603301,2018年06月06日 13:31,输液收费贵8倍的共享护士是门好生意吗？,行业新闻
603301,2018年06月05日 11:10,医保局人事确定 议价能力加强重视三明模式（附股）,行业新闻
603301,2018年06月04日 10:53,医疗IT需求侧调研反馈：需求旺盛 景气度提升,行业新闻
603301,2018年05月25日 02:21,2018或成医疗信息化大年 7只互联网医疗股被机构集体推荐,行业新闻
603301,2018年05月23日 02:21,机构称细胞免疫治疗进入大发展期 6只概念股具上涨潜力,行业新闻
603301,2018年05月17日 08:23,治疗非小细胞肺癌新药获批上市 3只个股或率先受益,行业新闻
603301,2018年05月16日 15:09,32种药品纳入医保普通门诊,行业新闻
603301,2018年05月14日 10:01,医疗IT行业深度报告：新技术、新时代 医疗IT新机遇,行业新闻
603301,2018年05月12日 16:50,互联网医疗没有梦想,行业新闻
